RT,TYPE,SERIALNO,puma_id,HINCP,NP,place_id,SYNTHETIC_HID,longitude,latitude
H,1,1322206,100,500,1,01077010100,01077010100-1,-87.671216831511,34.7859072435596
H,1,395268,100,4300,1,01077010100,01077010100-2,-87.6719194168613,34.7845633908403
H,1,242948,100,6170,1,01077010100,01077010100-3,-87.6718775200463,34.7838257731351
H,1,126976,100,2700,1,01077010100,01077010100-4,-87.6716184937571,34.7834180264722
H,1,395268,100,4300,1,01077010100,01077010100-5,-87.6708801007211,34.7831354007209
H,1,1132691,100,4000,1,01077010100,01077010100-6,-87.683405966659,34.8079515272939
H,1,1125925,100,6000,1,01077010100,01077010100-7,-87.6816913928999,34.8080243383435
H,1,1190366,100,1500,1,01077010100,01077010100-8,-87.6815214069139,34.8080331436798
H,1,1436778,100,2000,1,01077010100,01077010100-9,-87.6650065493843,34.8099060693206
H,1,1185454,100,6800,1,01077010100,01077010100-10,-87.6646583400774,34.809721114154
H,1,1337099,100,0,1,01077010100,01077010100-11,-87.6647124048504,34.8098948425118
H,1,793906,100,0,1,01077010100,01077010100-12,-87.664193187749,34.8082531899717
H,1,204495,100,1000,1,01077010100,01077010100-13,-87.6642938159119,34.807191330946
H,1,1240011,100,0,1,01077010100,01077010100-14,-87.664733415977,34.8139421653277
H,1,1369919,100,8200,1,01077010100,01077010100-15,-87.6627565668002,34.8093890071604
H,1,189786,100,1200,1,01077010100,01077010100-16,-87.6626912381103,34.8095816229119
H,1,1067716,100,0,1,01077010100,01077010100-17,-87.6640894912012,34.8065797240305
H,1,655372,100,8300,1,01077010100,01077010100-18,-87.6600664951585,34.8065679029045
H,1,649360,100,0,1,01077010100,01077010100-19,-87.6624026120154,34.8080666889304
H,1,343541,100,0,1,01077010100,01077010100-20,-87.6632776382409,34.808163228938
H,1,793906,100,0,1,01077010100,01077010100-21,-87.6634793876807,34.8077023714157
H,1,126976,100,2700,1,01077010100,01077010100-22,-87.6636932460411,34.8085476500662
H,1,1061885,100,0,1,01077010100,01077010100-23,-87.662684049898,34.8068392609043
H,1,1173319,100,3000,1,01077010100,01077010100-24,-87.662526850871,34.8082495037272
H,1,1023798,100,0,1,01077010100,01077010100-25,-87.6622883354991,34.8078647074481
H,1,189786,100,1200,1,01077010100,01077010100-26,-87.6606626844809,34.8072934856034
H,1,126976,100,2700,1,01077010100,01077010100-27,-87.6615189029449,34.8077021507375
H,1,1240011,100,0,1,01077010100,01077010100-28,-87.6604228822611,34.8063518559139
H,1,1175896,100,8800,1,01077010100,01077010100-29,-87.6633965926794,34.8067342738963
H,1,204495,100,1000,1,01077010100,01077010100-30,-87.663546075529,34.8070617377558
H,1,742272,100,0,1,01077010100,01077010100-31,-87.6780317808487,34.8060907801069
H,1,794140,100,2800,1,01077010100,01077010100-32,-87.6598042121352,34.8070328907601
H,1,1271409,100,0,1,01077010100,01077010100-33,-87.660577367853,34.8076936046925
H,1,252109,100,4800,1,01077010100,01077010100-34,-87.6600823469533,34.8071473456588
H,1,731009,100,8000,1,01077010100,01077010100-35,-87.6626495903991,34.8068879696421
H,1,993559,100,0,1,01077010100,01077010100-36,-87.6616378956948,34.8078262990895
H,1,379458,100,0,1,01077010100,01077010100-37,-87.6615110465446,34.807982832081
H,1,1072252,100,0,1,01077010100,01077010100-38,-87.661065840011,34.8085530882531
H,1,1038364,100,8000,1,01077010100,01077010100-39,-87.6623760680244,34.8094444335806
H,1,1306079,100,1200,1,01077010100,01077010100-40,-87.6630303426222,34.8082168301972
H,1,1155414,100,0,1,01077010100,01077010100-41,-87.6625667044179,34.8089726782343
H,1,239451,100,9600,1,01077010100,01077010100-42,-87.6783802060619,34.809352355404
H,1,847287,100,2200,1,01077010100,01077010100-43,-87.6786220567928,34.8095200748889
H,1,1266413,100,9600,1,01077010100,01077010100-44,-87.680902699316,34.8092528471659
H,1,521140,100,7700,1,01077010100,01077010100-45,-87.6806519652708,34.8094708092575
H,1,476815,100,-1500,1,01077010100,01077010100-46,-87.6812879607594,34.8087732043431
H,1,973450,100,8500,1,01077010100,01077010100-47,-87.6825595159759,34.8086860774422
H,1,749548,100,9200,1,01077010100,01077010100-48,-87.684777850065,34.8109943123048
H,1,1406727,100,7800,1,01077010100,01077010100-49,-87.6854023491227,34.807882462577
H,1,729823,100,0,1,01077010100,01077010100-50,-87.6867016315332,34.8095506484246
H,1,646905,100,8100,1,01077010100,01077010100-51,-87.6860048309858,34.8094942047567
H,1,1300742,100,0,1,01077010100,01077010100-52,-87.6859877352225,34.8108466903528
H,1,1413714,100,8700,1,01077010100,01077010100-53,-87.6848135789127,34.8115653522445
H,1,609513,100,9200,1,01077010100,01077010100-54,-87.6869051784823,34.81036756299
H,1,736351,100,1700,1,01077010100,01077010100-55,-87.6824911889414,34.8091159229108
H,1,1390644,100,8400,1,01077010100,01077010100-56,-87.6615116570982,34.8091809056264
H,1,302195,100,100,1,01077010100,01077010100-57,-87.6630901951612,34.8093519806445
H,1,916497,100,3600,1,01077010100,01077010100-58,-87.6819988498961,34.8092399251553
H,1,545722,100,9700,1,01077010100,01077010100-59,-87.6784301825935,34.809456370316
H,1,805438,100,2400,1,01077010100,01077010100-60,-87.6785642956569,34.80881727498
H,1,850761,100,6100,1,01077010100,01077010100-61,-87.6822352131501,34.8091859307667
H,1,1270664,100,7800,1,01077010100,01077010100-62,-87.6610587463796,34.8091894807867
H,1,137172,100,0,1,01077010100,01077010100-63,-87.6817635469208,34.8093618013131
H,1,716937,100,9400,1,01077010100,01077010100-64,-87.6625053204885,34.8093583303236
H,1,1045260,100,9100,1,01077010100,01077010100-65,-87.6619610887987,34.810184853765
H,1,503650,100,0,1,01077010100,01077010100-66,-87.6622806681585,34.8100604769877
H,1,235644,100,9500,1,01077010100,01077010100-67,-87.6619857334254,34.8105989448751
H,1,541473,100,8400,1,01077010100,01077010100-68,-87.6634108595947,34.8101971803603
H,1,62373,100,8100,1,01077010100,01077010100-69,-87.6830257307572,34.8102062079964
H,1,652043,100,0,1,01077010100,01077010100-70,-87.6823604591936,34.8092352544116
H,1,944,100,1600,1,01077010100,01077010100-71,-87.6822850760423,34.8078514900538
H,1,271770,100,340,1,01077010100,01077010100-72,-87.6831040220965,34.8086040531868
H,1,374090,100,8800,1,01077010100,01077010100-73,-87.6835236281665,34.8091093358346
H,1,62692,100,0,1,01077010100,01077010100-74,-87.6827513929039,34.8087739138326
H,1,1404018,100,0,1,01077010100,01077010100-75,-87.6822159090401,34.8098934020694
H,1,1274338,100,8500,1,01077010100,01077010100-76,-87.6628074266017,34.8105762559877
H,1,858565,100,2000,1,01077010100,01077010100-77,-87.6637301721228,34.810250287945
H,1,141485,100,2000,1,01077010100,01077010100-78,-87.6643129810748,34.8096852124762
H,1,1404018,100,0,1,01077010100,01077010100-79,-87.6827607189851,34.8104557563513
H,1,333400,100,0,1,01077010100,01077010100-80,-87.6652130005129,34.8111892782903
H,1,494896,100,80,1,01077010100,01077010100-81,-87.6638098288814,34.8110883715665
H,1,1039194,100,7500,1,01077010100,01077010100-82,-87.6633563043372,34.8109353399755
H,1,494896,100,80,1,01077010100,01077010100-83,-87.6629375244955,34.8113548538329
H,1,1013789,100,6300,1,01077010100,01077010100-84,-87.6636584778837,34.8113636264713
H,1,858565,100,2000,1,01077010100,01077010100-85,-87.6635203023832,34.8113400612865
H,1,1378057,100,2400,1,01077010100,01077010100-86,-87.6648533288606,34.81142550947
H,1,928022,100,7500,1,01077010100,01077010100-87,-87.6644011918465,34.8118742733411
H,1,1197989,100,500,1,01077010100,01077010100-88,-87.6633468490523,34.8121767278676
H,1,867190,100,5000,1,01077010100,01077010100-89,-87.6640634633548,34.8120102897237
H,1,646897,100,0,1,01077010100,01077010100-90,-87.6643859116354,34.8128055458635
H,1,1391899,100,0,1,01077010100,01077010100-91,-87.6633349069459,34.8130157011515
H,1,1392659,100,0,1,01077010100,01077010100-92,-87.6826146816,34.8104047020937
H,1,1292520,100,0,1,01077010100,01077010100-93,-87.6772986682122,34.8071714509606
H,1,940222,100,0,1,01077010100,01077010100-94,-87.677360962588,34.8076062417112
H,1,646897,100,0,1,01077010100,01077010100-95,-87.6779222898737,34.8088869357248
H,1,1292520,100,0,1,01077010100,01077010100-96,-87.6637890946856,34.8136240154518
H,1,1076033,100,0,1,01077010100,01077010100-97,-87.6638584235028,34.812800326568
H,1,643535,100,4300,1,01077010100,01077010100-98,-87.6624981103784,34.8119096106618
H,1,856745,100,2770,1,01077010100,01077010100-99,-87.6629288100734,34.8124166091771
H,1,74803,100,9600,1,01077010100,01077010100-100,-87.6623179531727,34.8112958865373
H,1,1116327,100,0,1,01077010100,01077010100-101,-87.661166538298,34.8100575945084
H,1,206743,100,8500,1,01077010100,01077010100-102,-87.6605202605905,34.8093733686372
H,1,1111484,100,8000,1,01077010100,01077010100-103,-87.6701970642463,34.7865505929482
H,1,821036,100,0,1,01077010100,01077010100-104,-87.6702811231155,34.7869749945929
H,1,1364276,100,0,1,01077010100,01077010100-105,-87.6702909043621,34.7884275700853
H,1,61917,100,8230,1,01077010100,01077010100-106,-87.6709122006133,34.7894153361749
H,1,898315,100,8500,1,01077010100,01077010100-107,-87.6701221993749,34.7885293247905
H,1,634474,100,5000,1,01077010100,01077010100-108,-87.6698840221924,34.788387255956
H,1,435187,100,8100,1,01077010100,01077010100-109,-87.6708102303841,34.7889529142779
H,1,554404,100,8400,1,01077010100,01077010100-110,-87.6727901526011,34.7894331098322
H,1,203963,100,0,1,01077010100,01077010100-111,-87.6731114313502,34.7886504423456
H,1,1049774,100,1410,1,01077010100,01077010100-112,-87.6730710509107,34.7882780371584
H,1,173974,100,7200,1,01077010100,01077010100-113,-87.6720160465956,34.7867779837371
H,1,475481,100,1400,1,01077010100,01077010100-114,-87.6710081192921,34.7856819000442
H,1,1379473,100,8500,1,01077010100,01077010100-115,-87.6707882177418,34.7860125523971
H,1,385677,100,3100,1,01077010100,01077010100-116,-87.6720558400547,34.7883254832501
H,1,650469,100,6900,1,01077010100,01077010100-117,-87.671756792167,34.7869000764165
H,1,1105056,100,970,1,01077010100,01077010100-118,-87.6720589280024,34.7892975256444
H,1,1105056,100,970,1,01077010100,01077010100-119,-87.6728039332503,34.791460658021
H,1,284783,100,0,1,01077010100,01077010100-120,-87.6730276642853,34.7866798328595
H,1,1105056,100,970,1,01077010100,01077010100-121,-87.6722398931186,34.785342737998
H,1,284783,100,0,1,01077010100,01077010100-122,-87.6745510440614,34.79198356691
H,1,284783,100,0,1,01077010100,01077010100-123,-87.6694175602005,34.7905612275327
H,1,284783,100,0,1,01077010100,01077010100-124,-87.6719834423278,34.791616413723
H,1,284783,100,0,1,01077010100,01077010100-125,-87.6723256676836,34.790862901622
H,1,284783,100,0,1,01077010100,01077010100-126,-87.6719085127071,34.7918845784688
H,1,284783,100,0,1,01077010100,01077010100-127,-87.6733657542504,34.790294470283
H,1,689985,100,0,1,01077010100,01077010100-128,-87.6725662389743,34.7911624195069
H,1,689985,100,0,1,01077010100,01077010100-129,-87.6721844141675,34.7911384456794
H,1,689985,100,0,1,01077010100,01077010100-130,-87.6725047468408,34.791709025985
H,1,742505,100,9600,1,01077010100,01077010100-131,-87.6726512205772,34.7918656645839
H,1,464440,100,14000,1,01077010100,01077010100-132,-87.6646557763018,34.7951917688378
H,1,1432878,100,14000,1,01077010100,01077010100-133,-87.6632296541364,34.7933700918258
H,1,1056873,100,10000,1,01077010100,01077010100-134,-87.6638249121128,34.794734807582
H,1,1056873,100,10000,1,01077010100,01077010100-135,-87.6632109134744,34.7936374483845
H,1,464440,100,14000,1,01077010100,01077010100-136,-87.664158918148,34.794947191359
H,1,159678,100,10000,1,01077010100,01077010100-137,-87.6673726925539,34.7927787873776
H,1,71504,100,12000,1,01077010100,01077010100-138,-87.6665571900335,34.7921566459417
H,1,746700,100,14000,1,01077010100,01077010100-139,-87.6675756574674,34.7937516425391
H,1,159678,100,10000,1,01077010100,01077010100-140,-87.6679467693742,34.7935108711198
H,1,159678,100,10000,1,01077010100,01077010100-141,-87.6662418734467,34.7946334532778
H,1,159678,100,10000,1,01077010100,01077010100-142,-87.6729834706005,34.7945581567663
H,1,1189344,100,14400,1,01077010100,01077010100-143,-87.6730533472757,34.79215907642
H,1,538842,100,11000,1,01077010100,01077010100-144,-87.6691240040675,34.7912298088762
H,1,789648,100,12000,1,01077010100,01077010100-145,-87.6686628718088,34.7922730281337
H,1,1189344,100,14400,1,01077010100,01077010100-146,-87.6686978491438,34.7921824081111
H,1,1162002,100,14000,1,01077010100,01077010100-147,-87.668463500446,34.7916840428454
H,1,1064359,100,10500,1,01077010100,01077010100-148,-87.6744724936738,34.7922632008458
H,1,1064359,100,10500,1,01077010100,01077010100-149,-87.6720758317437,34.791643190085
H,1,1085111,100,12500,1,01077010100,01077010100-150,-87.671881673336,34.7916364979831
H,1,66772,100,11400,1,01077010100,01077010100-151,-87.6738970850672,34.7927739616461
H,1,1408315,100,10000,1,01077010100,01077010100-152,-87.6726514274759,34.7932513708604
H,1,1001168,100,12100,1,01077010100,01077010100-153,-87.6740460344629,34.7926742406341
H,1,163581,100,10200,1,01077010100,01077010100-154,-87.6726471597288,34.7950146936989
H,1,384290,100,14700,1,01077010100,01077010100-155,-87.6721129216751,34.7941442961829
H,1,959771,100,13800,1,01077010100,01077010100-156,-87.6720413986369,34.7940499411841
H,1,59561,100,12000,1,01077010100,01077010100-157,-87.6710840025304,34.7928545380285
H,1,1259509,100,14500,1,01077010100,01077010100-158,-87.6698999601658,34.7911883062828
H,1,524130,100,12000,1,01077010100,01077010100-159,-87.6708969579214,34.7915346539595
H,1,1305843,100,14700,1,01077010100,01077010100-160,-87.6713072649463,34.7928185001883
H,1,202865,100,10800,1,01077010100,01077010100-161,-87.6704416551432,34.7938077426496
H,1,1294655,100,11700,1,01077010100,01077010100-162,-87.6709418112978,34.7929671906075
H,1,453233,100,14000,1,01077010100,01077010100-163,-87.672549440415,34.7927904088915
H,1,218966,100,11200,1,01077010100,01077010100-164,-87.6727381291238,34.7947511721516
H,1,120815,100,13200,1,01077010100,01077010100-165,-87.665897865171,34.7947785832684
H,1,1162783,100,13500,1,01077010100,01077010100-166,-87.6712050112851,34.7955038221348
H,1,821327,100,14000,1,01077010100,01077010100-167,-87.6723199454017,34.7950504034982
H,1,538695,100,13200,1,01077010100,01077010100-168,-87.6661846852874,34.7952560121393
H,1,624872,100,13900,1,01077010100,01077010100-169,-87.6655703611544,34.7954669609549
H,1,1227425,100,10800,1,01077010100,01077010100-170,-87.6741477002154,34.7949391669182
H,1,624872,100,13900,1,01077010100,01077010100-171,-87.6734515781446,34.7941137769208
H,1,973335,100,10000,1,01077010100,01077010100-172,-87.6729513867423,34.7925998071117
H,1,287913,100,12400,1,01077010100,01077010100-173,-87.6705739217362,34.7942403332825
H,1,248261,100,14400,1,01077010100,01077010100-174,-87.6702827214553,34.7946617055081
H,1,1101557,100,13600,1,01077010100,01077010100-175,-87.6247901594539,34.797036035528
H,1,912807,100,0,1,01077010100,01077010100-176,-87.625350522978,34.7982233533754
H,1,221158,100,10800,1,01077010100,01077010100-177,-87.6252913637193,34.798647815623
H,1,1264179,100,12000,1,01077010100,01077010100-178,-87.6258570319995,34.799938395803
H,1,612586,100,13500,1,01077010100,01077010100-179,-87.6257924199333,34.8011499171882
H,1,437057,100,11100,1,01077010100,01077010100-180,-87.6261757445681,34.8016250271201
H,1,645768,100,12000,1,01077010100,01077010100-181,-87.626362841447,34.8020308940884
H,1,157785,100,13500,1,01077010100,01077010100-182,-87.626713550706,34.802094418527
H,1,110063,100,13420,1,01077010100,01077010100-183,-87.6267501904132,34.8041138788193
H,1,917117,100,12000,1,01077010100,01077010100-184,-87.6810805914061,34.8045072409633
H,1,917117,100,12000,1,01077010100,01077010100-185,-87.6813079008258,34.8039443967796
H,1,1348225,100,10000,1,01077010100,01077010100-186,-87.6815772581797,34.8042688618281
H,1,586397,100,18200,1,01077010100,01077010100-187,-87.6827445663946,34.8049474162725
H,1,984325,100,18200,1,01077010100,01077010100-188,-87.6688457296738,34.803185102005
H,1,651145,100,18000,1,01077010100,01077010100-189,-87.6588343012049,34.803014394591
H,1,880746,100,20000,1,01077010100,01077010100-190,-87.6691275826907,34.8031635910018
H,1,1215056,100,20800,1,01077010100,01077010100-191,-87.6680721641363,34.8032295108324
H,1,1472842,100,16000,1,01077010100,01077010100-192,-87.6683651804363,34.8032129459554
H,1,1313866,100,22000,1,01077010100,01077010100-193,-87.6634178878759,34.804688277614
H,1,930107,100,20800,1,01077010100,01077010100-194,-87.6636695211951,34.8048598185859
H,1,194078,100,24000,1,01077010100,01077010100-195,-87.6627097883618,34.8048857416277
H,1,880746,100,20000,1,01077010100,01077010100-196,-87.6625426500597,34.8037811487752
H,1,472895,100,15000,1,01077010100,01077010100-197,-87.6780028411101,34.8029974908088
H,1,5855,100,17000,1,01077010100,01077010100-198,-87.6620207806298,34.8048717470199
H,1,781429,100,18000,1,01077010100,01077010100-199,-87.6612029063148,34.8046345016473
H,1,680483,100,15000,1,01077010100,01077010100-200,-87.6614426173293,34.8047948361599
H,1,722471,100,22000,1,01077010100,01077010100-201,-87.6607593932236,34.8034895264492
H,1,171371,100,20000,1,01077010100,01077010100-202,-87.6599700932646,34.8032211153653
H,1,347365,100,20000,1,01077010100,01077010100-203,-87.6672254912616,34.8037603107048
H,1,532179,100,21000,1,01077010100,01077010100-204,-87.6674854823102,34.8037992032593
H,1,983134,100,18000,1,01077010100,01077010100-205,-87.6661436796988,34.8043908198323
H,1,494757,100,22000,1,01077010100,01077010100-206,-87.6657046210249,34.8043680758321
H,1,347365,100,20000,1,01077010100,01077010100-207,-87.6652382461295,34.8051809202028
H,1,241165,100,20000,1,01077010100,01077010100-208,-87.6605380014053,34.8047802798825
H,1,494757,100,22000,1,01077010100,01077010100-209,-87.6592627695946,34.8044159023183
H,1,505614,100,24000,1,01077010100,01077010100-210,-87.6588605261582,34.8042803229103
H,1,1359053,100,15800,1,01077010100,01077010100-211,-87.6582540762805,34.8033581123626
H,1,505614,100,24000,1,01077010100,01077010100-212,-87.6473964303429,34.7966131326128
H,1,1209062,100,21500,1,01077010100,01077010100-213,-87.6494861335756,34.7990736921478
H,1,791564,100,18000,1,01077010100,01077010100-214,-87.6460571105999,34.7957071572406
H,1,30734,100,18000,1,01077010100,01077010100-215,-87.643932251466,34.7928488696556
H,1,264148,100,23500,1,01077010100,01077010100-216,-87.6446197421535,34.7942087395638
H,1,1248853,100,17700,1,01077010100,01077010100-217,-87.6490224156182,34.7990146001447
H,1,153410,100,18000,1,01077010100,01077010100-218,-87.6488841275301,34.7984240927374
H,1,1125902,100,20000,1,01077010100,01077010100-219,-87.6439445364609,34.7933851143966
H,1,819410,100,20000,1,01077010100,01077010100-220,-87.6491972440073,34.7995638228733
H,1,202442,100,20000,1,01077010100,01077010100-221,-87.6448179521078,34.7935390289173
H,1,937850,100,18400,1,01077010100,01077010100-222,-87.645892213156,34.7958302837633
H,1,644765,100,20000,1,01077010100,01077010100-223,-87.6495598578098,34.7997387283461
H,1,569973,100,24600,1,01077010100,01077010100-224,-87.6467155797452,34.7965504073784
H,1,836780,100,18400,1,01077010100,01077010100-225,-87.6476803964629,34.7975958572925
H,1,684225,100,19000,1,01077010100,01077010100-226,-87.6452614972862,34.7947400524308
H,1,1155726,100,20900,1,01077010100,01077010100-227,-87.6480615535753,34.7979195198252
H,1,1131973,100,17200,1,01077010100,01077010100-228,-87.6496240221581,34.7997805975296
H,1,1034226,100,19400,1,01077010100,01077010100-229,-87.6475987726893,34.7971253529071
H,1,324069,100,20300,1,01077010100,01077010100-230,-87.6442201024803,34.7936982925006
H,1,921119,100,20400,1,01077010100,01077010100-231,-87.6490233591165,34.7992386000299
H,1,881365,100,22900,1,01077010100,01077010100-232,-87.64930363924,34.799357099338
H,1,944158,100,15000,1,01077010100,01077010100-233,-87.6479095494607,34.7977581846739
H,1,679058,100,22000,1,01077010100,01077010100-234,-87.6649063644228,34.7963281576138
H,1,101101,100,22400,1,01077010100,01077010100-235,-87.6639360599947,34.7961234159762
H,1,1050767,100,17100,1,01077010100,01077010100-236,-87.6624667723487,34.7973227823482
H,1,445089,100,24600,1,01077010100,01077010100-237,-87.6617959459396,34.7972730902047
H,1,562636,100,19600,1,01077010100,01077010100-238,-87.6632404423889,34.7966939122304
H,1,1116243,100,18960,1,01077010100,01077010100-239,-87.6609891999608,34.7975707466255
H,1,981790,100,16100,1,01077010100,01077010100-240,-87.6611239537172,34.7977442942829
H,1,1047868,100,16100,1,01077010100,01077010100-241,-87.6599840968689,34.798123607444
H,1,1146017,100,17810,1,01077010100,01077010100-242,-87.6600746069676,34.7983825991411
H,1,356786,100,21700,1,01077010100,01077010100-243,-87.659016503581,34.7984966366827
H,1,152564,100,15000,1,01077010100,01077010100-244,-87.6583898015082,34.7989236288829
H,1,564842,100,21900,1,01077010100,01077010100-245,-87.6569727047011,34.7989791989673
H,1,231939,100,22400,1,01077010100,01077010100-246,-87.6633478520194,34.7972496080682
H,1,1389976,100,20000,1,01077010100,01077010100-247,-87.6634750920748,34.7969032678872
H,1,17834,100,18000,1,01077010100,01077010100-248,-87.6626494128657,34.797573127161
H,1,1099379,100,19500,1,01077010100,01077010100-249,-87.661515728954,34.7984983069199
H,1,466173,100,24000,1,01077010100,01077010100-250,-87.6602667856794,34.7985958253792
H,1,931676,100,18900,1,01077010100,01077010100-251,-87.6601685022626,34.7987076344936
H,1,371278,100,19800,1,01077010100,01077010100-252,-87.6597030010714,34.799069605888
H,1,621850,100,23000,1,01077010100,01077010100-253,-87.6586500563159,34.7997293825708
H,1,879647,100,18200,1,01077010100,01077010100-254,-87.6580392362921,34.7992924015076
H,1,714552,100,15000,1,01077010100,01077010100-255,-87.6740022233861,34.7965485327939
H,1,867120,100,18200,1,01077010100,01077010100-256,-87.6769691709781,34.7995827427069
H,1,1165538,100,18000,1,01077010100,01077010100-257,-87.6767103707103,34.799254944608
H,1,1008594,100,17520,1,01077010100,01077010100-258,-87.676421677308,34.798375215291
H,1,1116732,100,22000,1,01077010100,01077010100-259,-87.6759046316267,34.797857019603
H,1,1353414,100,23000,1,01077010100,01077010100-260,-87.6761375821134,34.7969653034455
H,1,766282,100,22100,1,01077010100,01077010100-261,-87.6753438850192,34.7971443470948
H,1,1184943,100,16300,1,01077010100,01077010100-262,-87.6749279065758,34.796095653223
H,1,364555,100,15800,1,01077010100,01077010100-263,-87.6747473840652,34.7961459151895
H,1,350537,100,22000,1,01077010100,01077010100-264,-87.6740136420601,34.7961909108875
H,1,337694,100,15300,1,01077010100,01077010100-265,-87.6733342988131,34.795987231109
H,1,1072609,100,24000,1,01077010100,01077010100-266,-87.6682634496313,34.7979694223177
H,1,963865,100,18300,1,01077010100,01077010100-267,-87.6749809382506,34.7968257600237
H,1,445482,100,24300,1,01077010100,01077010100-268,-87.6749105263927,34.7970649147704
H,1,445482,100,24300,1,01077010100,01077010100-269,-87.6742349382096,34.8004704400164
H,1,445482,100,24300,1,01077010100,01077010100-270,-87.6736679101329,34.7990641034251
H,1,1442459,100,24000,1,01077010100,01077010100-271,-87.6727585596994,34.7979800174899
H,1,1417988,100,30000,1,01077010100,01077010100-272,-87.6730123907572,34.7977691423623
H,1,14259,100,26000,1,01077010100,01077010100-273,-87.6718640747564,34.7969272292644
H,1,611593,100,25000,1,01077010100,01077010100-274,-87.6749742238043,34.7979170812328
H,1,714065,100,32000,1,01077010100,01077010100-275,-87.6754201852512,34.798072908135
H,1,240022,100,30000,1,01077010100,01077010100-276,-87.6671185156465,34.7989143323517
H,1,639675,100,30000,1,01077010100,01077010100-277,-87.6726127791809,34.7958502369611
H,1,1303957,100,25000,1,01077010100,01077010100-278,-87.6718337146592,34.7958488364738
H,1,457876,100,33500,1,01077010100,01077010100-279,-87.6711271907636,34.7964815132095
H,1,381997,100,30000,1,01077010100,01077010100-280,-87.670890306979,34.7966834242232
H,1,432096,100,30000,1,01077010100,01077010100-281,-87.6698314852745,34.7971618211104
H,1,593519,100,32000,1,01077010100,01077010100-282,-87.6683051769614,34.7975491331865
H,1,1448739,100,26000,1,01077010100,01077010100-283,-87.668035670462,34.7981576116974
H,1,1037734,100,30050,1,01077010100,01077010100-284,-87.6670986161974,34.7982833747903
H,1,1441459,100,26800,1,01077010100,01077010100-285,-87.6658291008221,34.7968774595381
H,1,702803,100,29300,1,01077010100,01077010100-286,-87.6658937794396,34.7976565654586
H,1,1108066,100,28000,1,01077010100,01077010100-287,-87.6655824715901,34.797282283564
H,1,1190288,100,36300,1,01077010100,01077010100-288,-87.6650747477123,34.7961485067077
H,1,1241304,100,25800,1,01077010100,01077010100-289,-87.6663469315446,34.7987618811257
H,1,905780,100,30000,1,01077010100,01077010100-290,-87.6655642246159,34.7990199303036
H,1,1331959,100,28000,1,01077010100,01077010100-291,-87.6653154960073,34.799441749007
H,1,746431,100,26800,1,01077010100,01077010100-292,-87.6643279646267,34.7996469888715
H,1,336028,100,28000,1,01077010100,01077010100-293,-87.6636916563186,34.7996557283719
H,1,597540,100,32060,1,01077010100,01077010100-294,-87.6621021462703,34.7998839764989
H,1,1181038,100,42000,1,01077010100,01077010100-295,-87.661221654939,34.8004913084992
H,1,1088325,100,47000,1,01077010100,01077010100-296,-87.6598599279872,34.8013446474633
H,1,1150818,100,45030,1,01077010100,01077010100-297,-87.6759949741627,34.7991444845118
H,1,1429986,100,40000,1,01077010100,01077010100-298,-87.6767768282979,34.7987220275424
H,1,771170,100,44000,1,01077010100,01077010100-299,-87.672340639734,34.8004127236683
H,1,610489,100,42000,1,01077010100,01077010100-300,-87.6721683470395,34.7994804969482
H,1,573167,100,45000,1,01077010100,01077010100-301,-87.6716581353936,34.7985941331639
H,1,1315450,100,55000,1,01077010100,01077010100-302,-87.6713718278592,34.7980129613584
H,1,1315450,100,55000,1,01077010100,01077010100-303,-87.6707329685515,34.7975933679341
H,1,175113,100,50000,1,01077010100,01077010100-304,-87.6742418290788,34.7954138163187
H,1,1171816,100,50000,1,01077010100,01077010100-305,-87.6737451672665,34.7957998193949
H,1,1439351,100,91000,1,01077010100,01077010100-306,-87.6747645443817,34.7959681145962
H,1,220568,100,56000,1,01077010100,01077010100-307,-87.6662886269898,34.7958976582937
H,1,1143170,100,72000,1,01077010100,01077010100-308,-87.666842449525,34.7963533290644
H,1,1424693,100,80000,1,01077010100,01077010100-309,-87.6663085344131,34.7953897784136
H,1,132769,100,60000,1,01077010100,01077010100-310,-87.6664740559933,34.7953991767066
H,1,1301113,100,75000,1,01077010100,01077010100-311,-87.6714227905398,34.79580354525
H,1,1275274,100,55000,1,01077010100,01077010100-312,-87.6704681899418,34.7966496391566
H,1,678839,100,54000,1,01077010100,01077010100-313,-87.6700028586961,34.7961609951356
H,1,686737,100,80000,1,01077010100,01077010100-314,-87.6702418023786,34.7967051719927
H,1,1387212,100,53000,1,01077010100,01077010100-315,-87.6767270182161,34.7997719609201
H,1,130828,100,55000,1,01077010100,01077010100-316,-87.6757201453055,34.7997418871128
H,1,1490740,100,62000,1,01077010100,01077010100-317,-87.6754832132658,34.7992823107759
H,1,730738,100,70000,1,01077010100,01077010100-318,-87.6748431889697,34.7985173364742
H,1,190143,100,60000,1,01077010100,01077010100-319,-87.6747238009329,34.7983849871233
H,1,970899,100,85000,1,01077010100,01077010100-320,-87.6745121050609,34.7978688261948
H,1,314753,100,52400,1,01077010100,01077010100-321,-87.6734405486454,34.7999496166635
H,1,964772,100,92800,1,01077010100,01077010100-322,-87.6729260740816,34.7992024385438
H,1,293536,100,63000,1,01077010100,01077010100-323,-87.6717879965033,34.7977179998774
H,1,1227321,100,76800,1,01077010100,01077010100-324,-87.6613139965757,34.7995212549818
H,1,628336,100,70000,1,01077010100,01077010100-325,-87.6602908343975,34.7990862492698
H,1,242267,100,50000,1,01077010100,01077010100-326,-87.6603583814602,34.7984489036275
H,1,1281990,100,50000,1,01077010100,01077010100-327,-87.6688966062848,34.7995563888772
H,1,782047,100,65000,1,01077010100,01077010100-328,-87.6634310853029,34.7981022698644
H,1,1071413,100,65000,1,01077010100,01077010100-329,-87.6635136186662,34.798000759906
H,1,782047,100,65000,1,01077010100,01077010100-330,-87.6637616206699,34.7974797612065
H,1,1368283,100,171000,1,01077010100,01077010100-331,-87.6618127770019,34.7985556528444
H,1,397754,100,600,2,01077010100,01077010100-332,-87.6611968843685,34.7986795174931
H,1,707712,100,2000,2,01077010100,01077010100-333,-87.6598638360295,34.7994165853823
H,1,1485481,100,7000,2,01077010100,01077010100-334,-87.6601792098203,34.7996507735084
H,1,1271790,100,0,2,01077010100,01077010100-335,-87.6584311790834,34.7998235483763
H,1,554393,100,0,2,01077010100,01077010100-336,-87.6594611767353,34.7996931220496
H,1,1437307,100,5700,2,01077010100,01077010100-337,-87.6570613876412,34.8004771951796
H,1,1003990,100,390,2,01077010100,01077010100-338,-87.6574128031125,34.8002899804931
H,1,1437307,100,5700,2,01077010100,01077010100-339,-87.6563557594761,34.8007915782227
H,1,891653,100,24500,2,01077010100,01077010100-340,-87.6631281247186,34.8010756170405
H,1,620237,100,2200,2,01077010100,01077010100-341,-87.6627260499563,34.7989235423611
H,1,987677,100,3800,2,01077010100,01077010100-342,-87.6621646326304,34.7991829828834
H,1,780528,100,9300,2,01077010100,01077010100-343,-87.6620943215244,34.7981402923992
H,1,1207510,100,0,2,01077010100,01077010100-344,-87.6614369775316,34.7971995446699
H,1,926301,100,1650,2,01077010100,01077010100-345,-87.6758259791615,34.7994296446589
H,1,554393,100,0,2,01077010100,01077010100-346,-87.6763457320061,34.7995161891209
H,1,1120555,100,0,2,01077010100,01077010100-347,-87.6568769551869,34.7993898289791
H,1,1359309,100,9280,2,01077010100,01077010100-348,-87.6679861448383,34.7995436118314
H,1,796088,100,1700,2,01077010100,01077010100-349,-87.6681665826004,34.7998284614518
H,1,364710,100,8000,2,01077010100,01077010100-350,-87.6678718557277,34.8028902225279
H,1,603957,100,0,2,01077010100,01077010100-351,-87.6670405870777,34.8018241704348
H,1,1441010,100,7800,2,01077010100,01077010100-352,-87.6664260051405,34.8011954464756
H,1,548757,100,9600,2,01077010100,01077010100-353,-87.6662131417888,34.8004843394888
H,1,367290,100,6000,2,01077010100,01077010100-354,-87.6655810286396,34.7997413657268
H,1,171611,100,7600,2,01077010100,01077010100-355,-87.6645173493813,34.7982107605486
H,1,105339,100,0,2,01077010100,01077010100-356,-87.6652165788947,34.7991358967368
H,1,1404124,100,3130,2,01077010100,01077010100-357,-87.6642392214572,34.7974375011973
H,1,109628,100,8680,2,01077010100,01077010100-358,-87.6636183783049,34.7968013405666
H,1,82180,100,3320,2,01077010100,01077010100-359,-87.6736419488755,34.7988332189279
H,1,922865,100,9300,2,01077010100,01077010100-360,-87.6744498327032,34.7978284551983
H,1,164008,100,190,2,01077010100,01077010100-361,-87.6725955347469,34.7989210541639
H,1,906018,100,1800,2,01077010100,01077010100-362,-87.672590029798,34.7996475204795
H,1,1244507,100,3200,2,01077010100,01077010100-363,-87.6715725443137,34.7997267137239
H,1,312647,100,9900,2,01077010100,01077010100-364,-87.6710110780178,34.8001628439694
H,1,60176,100,0,2,01077010100,01077010100-365,-87.6700257136146,34.8003513986118
H,1,164008,100,190,2,01077010100,01077010100-366,-87.6693984784862,34.8002860055944
H,1,499675,100,0,2,01077010100,01077010100-367,-87.6719344192964,34.8014890134507
H,1,130924,100,6800,2,01077010100,01077010100-368,-87.6706909937069,34.8002941547956
H,1,873253,100,4800,2,01077010100,01077010100-369,-87.6704084295341,34.7996071412342
H,1,388607,100,0,2,01077010100,01077010100-370,-87.6707380542201,34.7990278597739
H,1,12245,100,0,2,01077010100,01077010100-371,-87.6696304911627,34.7975467042361
H,1,546220,100,7820,2,01077010100,01077010100-372,-87.675271501424,34.8003293581008
H,1,604400,100,6420,2,01077010100,01077010100-373,-87.6618853747563,34.8001609939115
H,1,585117,100,0,2,01077010100,01077010100-374,-87.6612779554179,34.8000724288911
H,1,395336,100,0,2,01077010100,01077010100-375,-87.6618698370519,34.8003137141273
H,1,395336,100,0,2,01077010100,01077010100-376,-87.6600284083598,34.7998258306153
H,1,1105056,100,970,1,01077010100,01077010100-377,-87.6589201146557,34.8000917401674
H,1,395336,100,0,2,01077010100,01077010100-378,-87.6581241066959,34.8010332918213
H,1,772576,100,5000,2,01077010100,01077010100-379,-87.6585080412755,34.8000853793364
H,1,932557,100,11500,2,01077010100,01077010100-380,-87.6570762790722,34.8011803579906
H,1,583112,100,14700,2,01077010100,01077010100-381,-87.6768644846754,34.8007899519994
H,1,234577,100,10000,2,01077010100,01077010100-382,-87.6777027993588,34.8008300059412
H,1,932557,100,11500,2,01077010100,01077010100-383,-87.6761316341483,34.8004002514487
H,1,993663,100,11500,2,01077010100,01077010100-384,-87.6746658469917,34.800541878843
H,1,468878,100,14200,2,01077010100,01077010100-385,-87.6680121179623,34.8005339927564
H,1,462906,100,13500,2,01077010100,01077010100-386,-87.6733996369027,34.7961952111317
H,1,1182288,100,10000,2,01077010100,01077010100-387,-87.6732712888864,34.796633410383
H,1,387322,100,13220,2,01077010100,01077010100-388,-87.6720575983988,34.797253815711
H,1,170447,100,13200,2,01077010100,01077010100-389,-87.6710935593612,34.7980086483167
H,1,374187,100,10000,2,01077010100,01077010100-390,-87.6700679513102,34.797716195044
H,1,1355361,100,14600,2,01077010100,01077010100-391,-87.6700046706194,34.7981752880546
H,1,1074058,100,10000,2,01077010100,01077010100-392,-87.669525584648,34.798294078523
H,1,16900,100,13000,2,01077010100,01077010100-393,-87.6686818168694,34.7983095526356
H,1,1074058,100,10000,2,01077010100,01077010100-394,-87.6673370570545,34.7993859749274
H,1,97779,100,11350,2,01077010100,01077010100-395,-87.6675017558246,34.7992540462343
H,1,1435996,100,13000,2,01077010100,01077010100-396,-87.6664473919398,34.7996298993299
H,1,1054666,100,12000,2,01077010100,01077010100-397,-87.6669106660048,34.7995021152735
H,1,702108,100,12700,2,01077010100,01077010100-398,-87.6647391038721,34.8001236991457
H,1,824576,100,24500,2,01077010100,01077010100-399,-87.6651126773818,34.8002322956315
H,1,1243712,100,22000,2,01077010100,01077010100-400,-87.6643170665958,34.8006222450193
H,1,580977,100,17800,2,01077010100,01077010100-401,-87.6642599402163,34.8005401189387
H,1,108810,100,24900,2,01077010100,01077010100-402,-87.6627204001239,34.8017186366357
H,1,824576,100,24500,2,01077010100,01077010100-403,-87.6619233167663,34.8016210965729
H,1,685246,100,24000,2,01077010100,01077010100-404,-87.6620830978439,34.8016727990451
H,1,1257814,100,23120,2,01077010100,01077010100-405,-87.6598143311238,34.8026528026536
H,1,479629,100,16700,2,01077010100,01077010100-406,-87.6607972388562,34.8019419803427
H,1,844251,100,18500,2,01077010100,01077010100-407,-87.659345000842,34.8028256648251
H,1,1257814,100,23120,2,01077010100,01077010100-408,-87.65853794581,34.8030275676126
H,1,1486197,100,20000,2,01077010100,01077010100-409,-87.6745395101805,34.8008511339869
H,1,1244627,100,16920,2,01077010100,01077010100-410,-87.6724914021465,34.8019097524465
H,1,528372,100,16000,2,01077010100,01077010100-411,-87.6719734071755,34.8019098434799
H,1,241044,100,24000,2,01077010100,01077010100-412,-87.6710875105478,34.80259669266
H,1,828434,100,23000,2,01077010100,01077010100-413,-87.6712233646357,34.8023066219353
H,1,1257814,100,23120,2,01077010100,01077010100-414,-87.670159956343,34.8026084732853
H,1,1292445,100,21500,2,01077010100,01077010100-415,-87.669996470926,34.8027676402476
H,1,68214,100,17600,2,01077010100,01077010100-416,-87.6683699798621,34.8023216537899
H,1,444250,100,19000,2,01077010100,01077010100-417,-87.668557647172,34.8015077538744
H,1,1148372,100,21600,2,01077010100,01077010100-418,-87.6691022604346,34.7997993974848
H,1,1263192,100,24900,2,01077010100,01077010100-419,-87.6707824271105,34.7987526107387
H,1,378458,100,15000,2,01077010100,01077010100-420,-87.6707959744766,34.7990337156377
H,1,1324959,100,19500,2,01077010100,01077010100-421,-87.6722645610714,34.7986008697587
H,1,1267195,100,20000,2,01077010100,01077010100-422,-87.6730148411655,34.797799131344
H,1,218736,100,16000,2,01077010100,01077010100-423,-87.6737366466472,34.7975670037812
H,1,1225785,100,18100,2,01077010100,01077010100-424,-87.6676781836042,34.8002511714286
H,1,1182181,100,23100,2,01077010100,01077010100-425,-87.6676055876906,34.8001529679178
H,1,61851,100,17520,2,01077010100,01077010100-426,-87.6675126946363,34.8006147712929
H,1,587348,100,18100,2,01077010100,01077010100-427,-87.6660938490405,34.8009816883365
H,1,324162,100,24640,2,01077010100,01077010100-428,-87.665564973118,34.8013380339162
H,1,408531,100,17000,2,01077010100,01077010100-429,-87.6678340170827,34.7998891625024
H,1,1405576,100,19100,2,01077010100,01077010100-430,-87.6752999026694,34.79944451731
H,1,1210033,100,15000,2,01077010100,01077010100-431,-87.6743187779753,34.7999611833248
H,1,247227,100,19800,2,01077010100,01077010100-432,-87.6734681034639,34.8001621314149
H,1,699030,100,19000,2,01077010100,01077010100-433,-87.6727690007667,34.8001806552743
H,1,349378,100,16300,2,01077010100,01077010100-434,-87.671788497816,34.8009322626616
H,1,1491394,100,18000,2,01077010100,01077010100-435,-87.6723966232418,34.8000772804618
H,1,1197280,100,22500,2,01077010100,01077010100-436,-87.6701258669681,34.8012679790481
H,1,20001,100,19050,2,01077010100,01077010100-437,-87.6706673794188,34.8011197814025
H,1,305519,100,18200,2,01077010100,01077010100-438,-87.6694276164197,34.8018063172564
H,1,783966,100,24500,2,01077010100,01077010100-439,-87.6697123204895,34.8019082022187
H,1,551481,100,20000,2,01077010100,01077010100-440,-87.6766487564032,34.8002757882192
H,1,651415,100,22000,2,01077010100,01077010100-441,-87.6772522004235,34.8013049787088
H,1,1133811,100,15200,2,01077010100,01077010100-442,-87.6773466394283,34.8018520793361
H,1,1189214,100,13600,2,01077010100,01077010100-443,-87.6793052960846,34.8031678775561
H,1,865753,100,15000,2,01077010100,01077010100-444,-87.6787937684284,34.803285579231
H,1,1216635,100,27000,2,01077010100,01077010100-445,-87.6776921496365,34.8018197531062
H,1,1449851,100,32000,2,01077010100,01077010100-446,-87.67804521218,34.8013873794142
H,1,1388119,100,32000,2,01077010100,01077010100-447,-87.6785410381111,34.8029306891088
H,1,165855,100,28500,2,01077010100,01077010100-448,-87.6785647554364,34.8021610629109
H,1,165855,100,28500,2,01077010100,01077010100-449,-87.6758886876616,34.8016137959302
H,1,841674,100,30700,2,01077010100,01077010100-450,-87.6756764589946,34.8011216833515
H,1,252462,100,30000,2,01077010100,01077010100-451,-87.6692526462109,34.8005601899672
H,1,262777,100,25200,2,01077010100,01077010100-452,-87.669922138355,34.801760269807
H,1,616369,100,31700,2,01077010100,01077010100-453,-87.6704240556787,34.8023789606133
H,1,1481406,100,25000,2,01077010100,01077010100-454,-87.665464017731,34.8021890593127
H,1,129258,100,34000,2,01077010100,01077010100-455,-87.6651871965105,34.8015206991325
H,1,386006,100,28000,2,01077010100,01077010100-456,-87.6643205775487,34.7994852107655
H,1,217820,100,35000,2,01077010100,01077010100-457,-87.659673677785,34.8004899034401
H,1,1466915,100,36000,2,01077010100,01077010100-458,-87.6601142586655,34.8003334738268
H,1,141813,100,46300,2,01077010100,01077010100-459,-87.6586451939871,34.8006561413113
H,1,798160,100,37000,2,01077010100,01077010100-460,-87.6582974537005,34.801044632849
H,1,125923,100,35380,2,01077010100,01077010100-461,-87.6572439544993,34.8016017909136
H,1,1121927,100,45400,2,01077010100,01077010100-462,-87.658162878615,34.801305543846
H,1,237790,100,46600,2,01077010100,01077010100-463,-87.6583256105578,34.8012825125538
H,1,966077,100,61000,2,01077010100,01077010100-464,-87.6614216848758,34.8012932555895
H,1,155022,100,68000,2,01077010100,01077010100-465,-87.6587191862853,34.8029758381392
H,1,534710,100,78000,2,01077010100,01077010100-466,-87.6586656975429,34.8030011542262
H,1,966077,100,61000,2,01077010100,01077010100-467,-87.6584392287652,34.8018606097479
H,1,42693,100,71000,2,01077010100,01077010100-468,-87.6578286167689,34.8012203717391
H,1,1452092,100,54800,2,01077010100,01077010100-469,-87.6572623464894,34.8008655580337
H,1,114483,100,59000,2,01077010100,01077010100-470,-87.657292147557,34.8005683341736
H,1,781975,100,76000,2,01077010100,01077010100-471,-87.668659278955,34.8010108971396
H,1,45160,100,66000,2,01077010100,01077010100-472,-87.6676402205983,34.8012765296346
H,1,975540,100,72100,2,01077010100,01077010100-473,-87.6678640181068,34.8012545931875
H,1,1252576,100,90100,2,01077010100,01077010100-474,-87.6668677441226,34.8017095971744
H,1,970086,100,95000,2,01077010100,01077010100-475,-87.6668520838906,34.8019409785382
H,1,94352,100,80000,2,01077010100,01077010100-476,-87.6614451404462,34.8026992033646
H,1,1157136,100,61200,2,01077010100,01077010100-477,-87.6614214293069,34.8020184739066
H,1,970086,100,95000,2,01077010100,01077010100-478,-87.6612421777166,34.8019312873493
H,1,1274402,100,67030,2,01077010100,01077010100-479,-87.6602550342024,34.8003928211559
H,1,483284,100,87250,2,01077010100,01077010100-480,-87.6598262342206,34.7999991966133
H,1,870631,100,65000,2,01077010100,01077010100-481,-87.6595630498411,34.7997687669381
H,1,516812,100,94000,2,01077010100,01077010100-482,-87.6594866507676,34.7993524710078
H,1,747299,100,55005,2,01077010100,01077010100-483,-87.6588943470275,34.7987408404772
H,1,1050762,100,90000,2,01077010100,01077010100-484,-87.6760836401041,34.8005118888952
H,1,1269723,100,93060,2,01077010100,01077010100-485,-87.6769244214602,34.801376936388
H,1,1096684,100,60600,2,01077010100,01077010100-486,-87.6776849619608,34.8023622722486
H,1,257769,100,88000,2,01077010100,01077010100-487,-87.6590293000982,34.8015846842858
H,1,105061,100,76000,2,01077010100,01077010100-488,-87.6592745513784,34.8019569998022
H,1,824937,100,74400,2,01077010100,01077010100-489,-87.6602678132767,34.803037158229
H,1,1491615,100,71900,2,01077010100,01077010100-490,-87.6593668258827,34.8020305111887
H,1,282570,100,70000,2,01077010100,01077010100-491,-87.6595295612067,34.8019526623312
H,1,65378,100,96300,2,01077010100,01077010100-492,-87.6594268903689,34.801076901452
H,1,1216499,100,64200,2,01077010100,01077010100-493,-87.6590243306789,34.8009296810106
H,1,933557,100,93100,2,01077010100,01077010100-494,-87.6586222854505,34.8000905768525
H,1,1207318,100,78100,2,01077010100,01077010100-495,-87.6588999203684,34.8004942127505
H,1,992877,100,73400,2,01077010100,01077010100-496,-87.6583025315093,34.7996092174988
H,1,1440039,100,76100,2,01077010100,01077010100-497,-87.657522444178,34.798840384351
H,1,846821,100,86100,2,01077010100,01077010100-498,-87.6578258107941,34.7987692536631
H,1,1105929,100,51100,2,01077010100,01077010100-499,-87.6575152973447,34.7988933022951
H,1,23048,100,64700,2,01077010100,01077010100-500,-87.6602521450614,34.8018270606138
H,1,1465612,100,85300,2,01077010100,01077010100-501,-87.6608824388139,34.8017131338374
H,1,822284,100,78000,2,01077010100,01077010100-502,-87.658686423287,34.8023256638294
H,1,1309970,100,58000,2,01077010100,01077010100-503,-87.6589457907103,34.8026855730012
H,1,1136169,100,88000,2,01077010100,01077010100-504,-87.6577808956298,34.8012906473025
H,1,750733,100,56400,2,01077010100,01077010100-505,-87.6577097578442,34.8015385806528
H,1,159036,100,94300,2,01077010100,01077010100-506,-87.6559196168578,34.8020242070841
H,1,890938,100,66130,2,01077010100,01077010100-507,-87.6555197510161,34.8019038562972
H,1,1399770,100,71000,2,01077010100,01077010100-508,-87.6549603881747,34.8023192493006
H,1,150644,100,100000,2,01077010100,01077010100-509,-87.6691303248703,34.8027942988882
H,1,658170,100,195010,2,01077010100,01077010100-510,-87.6681671772268,34.8023616288009
H,1,957074,100,101000,2,01077010100,01077010100-511,-87.6672045718122,34.8029653277714
H,1,184402,100,3200,3,01077010100,01077010100-512,-87.6718300011233,34.8019710319883
H,1,1077964,100,9600,3,01077010100,01077010100-513,-87.6725041593219,34.8021839889215
H,1,29630,100,4000,3,01077010100,01077010100-514,-87.6612755788052,34.802982448486
H,1,188826,100,0,3,01077010100,01077010100-515,-87.6607290208668,34.803011750261
H,1,401186,100,8000,3,01077010100,01077010100-516,-87.6676580088265,34.8028092173116
H,1,1340945,100,1500,3,01077010100,01077010100-517,-87.6569404807883,34.8026523196494
H,1,1184087,100,2500,3,01077010100,01077010100-518,-87.6574769687125,34.8029790183107
H,1,547470,100,8400,3,01077010100,01077010100-519,-87.6574943929353,34.8026653101004
H,1,1245934,100,700,3,01077010100,01077010100-520,-87.6562578586031,34.8008309720476
H,1,415613,100,0,3,01077010100,01077010100-521,-87.6565602497711,34.7997763641576
H,1,1226191,100,2200,3,01077010100,01077010100-522,-87.6562410571655,34.8004309186762
H,1,237931,100,930,3,01077010100,01077010100-523,-87.6561381606714,34.8030407650717
H,1,35291,100,6300,3,01077010100,01077010100-524,-87.6561256061525,34.8032659640164
H,1,679652,100,8000,3,01077010100,01077010100-525,-87.6562940648852,34.8031769243821
H,1,468496,100,8800,3,01077010100,01077010100-526,-87.6556443052718,34.8018634481856
H,1,1224564,100,5500,3,01077010100,01077010100-527,-87.6556948691515,34.8043498918587
H,1,545125,100,9870,3,01077010100,01077010100-528,-87.6550271557765,34.8025860113146
H,1,428791,100,10,3,01077010100,01077010100-529,-87.6553880052946,34.8033478232125
H,1,545125,100,9870,3,01077010100,01077010100-530,-87.6557393920087,34.8045411770692
H,1,945485,100,8300,3,01077010100,01077010100-531,-87.6826081412643,34.8060194709438
H,1,894131,100,0,3,01077010100,01077010100-532,-87.6834942831902,34.8065292094515
H,1,887299,100,0,3,01077010100,01077010100-533,-87.6816122686605,34.8057237953319
H,1,774948,100,1100,3,01077010100,01077010100-534,-87.6830458107428,34.8060445316732
H,1,86502,100,7800,3,01077010100,01077010100-535,-87.6817916766406,34.8054903845549
H,1,600364,100,8600,3,01077010100,01077010100-536,-87.6820664531771,34.8057137641025
H,1,931412,100,2500,3,01077010100,01077010100-537,-87.680203352315,34.8062090012464
H,1,207709,100,12100,3,01077010100,01077010100-538,-87.6578022794129,34.8037028909126
H,1,1164742,100,11500,3,01077010100,01077010100-539,-87.6774943583769,34.8033517053021
H,1,51232,100,10300,3,01077010100,01077010100-540,-87.664441602964,34.8064978897381
H,1,147024,100,10200,3,01077010100,01077010100-541,-87.6745926381166,34.8011488601045
H,1,7012,100,13000,3,01077010100,01077010100-542,-87.6754308035915,34.8021438054275
H,1,744906,100,12000,3,01077010100,01077010100-543,-87.6756346054903,34.8029579445775
H,1,1076816,100,21600,3,01077010100,01077010100-544,-87.6765086637072,34.804317685881
H,1,668757,100,16800,3,01077010100,01077010100-545,-87.6768777777387,34.8045474071485
H,1,1360611,100,24000,3,01077010100,01077010100-546,-87.6774524447071,34.8051983271038
H,1,976953,100,20300,3,01077010100,01077010100-547,-87.6771032360672,34.8048545480356
H,1,127177,100,15000,3,01077010100,01077010100-548,-87.6614564266586,34.8029925061524
H,1,668757,100,16800,3,01077010100,01077010100-549,-87.6615813239132,34.8030326448888
H,1,727057,100,23700,3,01077010100,01077010100-550,-87.6596245900001,34.8036427143012
H,1,771353,100,16000,3,01077010100,01077010100-551,-87.6602153365256,34.8032970347403
H,1,1393925,100,23200,3,01077010100,01077010100-552,-87.6625270946823,34.8035596549753
H,1,56282,100,18300,3,01077010100,01077010100-553,-87.6620918918734,34.8038175137884
H,1,707561,100,18400,3,01077010100,01077010100-554,-87.6615481670105,34.8038885044768
H,1,1311709,100,15830,3,01077010100,01077010100-555,-87.6787093416047,34.8044552268209
H,1,1442863,100,24000,3,01077010100,01077010100-556,-87.6786247995214,34.8048811863921
H,1,913842,100,15200,3,01077010100,01077010100-557,-87.6790513119261,34.8045828023506
H,1,792368,100,24000,3,01077010100,01077010100-558,-87.6783230335544,34.8047423072686
H,1,1403110,100,18000,3,01077010100,01077010100-559,-87.6784260833651,34.8045119475138
H,1,1303356,100,21804,3,01077010100,01077010100-560,-87.6595423690029,34.8049284608228
H,1,31521,100,20300,3,01077010100,01077010100-561,-87.6591847441415,34.8050745471783
H,1,209511,100,32000,3,01077010100,01077010100-562,-87.6585623667107,34.8051089037794
H,1,1055130,100,25530,3,01077010100,01077010100-563,-87.6603856685793,34.8044335725416
H,1,369053,100,29400,3,01077010100,01077010100-564,-87.6621504761132,34.8046773324331
H,1,1247318,100,30600,3,01077010100,01077010100-565,-87.6763851272083,34.8009604547661
H,1,63062,100,40600,3,01077010100,01077010100-566,-87.6757534423706,34.8010089756633
H,1,1055292,100,38500,3,01077010100,01077010100-567,-87.6742547767859,34.8022099213141
H,1,770651,100,40000,3,01077010100,01077010100-568,-87.673771134453,34.8020938920057
H,1,567280,100,70400,3,01077010100,01077010100-569,-87.6737339705649,34.8023698782675
H,1,1193206,100,50000,3,01077010100,01077010100-570,-87.6724649020939,34.8026121386054
H,1,1256936,100,95000,3,01077010100,01077010100-571,-87.6718079135907,34.8029145841274
H,1,387109,100,72000,4,01077010100,01077010100-572,-87.6768363417408,34.8018510289797
H,1,1455229,100,91500,3,01077010100,01077010100-573,-87.676083005543,34.8020278202826
H,1,1055903,100,62000,3,01077010100,01077010100-574,-87.6758767765347,34.8021983150903
H,1,1398502,100,53700,3,01077010100,01077010100-575,-87.6745550045537,34.8031335053751
H,1,820185,100,98000,3,01077010100,01077010100-576,-87.6724119492902,34.8024978745632
H,1,889645,100,98200,3,01077010100,01077010100-577,-87.6723466202322,34.8028811876704
H,1,663728,100,63500,3,01077010100,01077010100-578,-87.6630745301644,34.8048028612018
H,1,703881,100,81500,3,01077010100,01077010100-579,-87.6777797693406,34.8027854310095
H,1,425725,100,76000,3,01077010100,01077010100-580,-87.6761399389609,34.8028133645574
H,1,761581,100,60500,3,01077010100,01077010100-581,-87.6755110461501,34.8038603338254
H,1,756903,100,70000,3,01077010100,01077010100-582,-87.6757189094181,34.8035688642072
H,1,544074,100,57300,3,01077010100,01077010100-583,-87.6626906755726,34.8059983824689
H,1,1159887,100,95700,3,01077010100,01077010100-584,-87.6790071756755,34.8055714176861
H,1,1101205,100,54500,3,01077010100,01077010100-585,-87.6796763578146,34.804852893489
H,1,400737,100,99000,3,01077010100,01077010100-586,-87.6800705288484,34.8054396358324
H,1,1237597,100,76000,3,01077010100,01077010100-587,-87.6795855922657,34.8051567443813
H,1,716768,100,107000,3,01077010100,01077010100-588,-87.6800081709691,34.8049912915495
H,1,741369,100,0,4,01077010100,01077010100-589,-87.6788465943184,34.8059634534412
H,1,741369,100,0,4,01077010100,01077010100-590,-87.6648838796197,34.8046761837765
H,1,319218,100,400,4,01077010100,01077010100-591,-87.663138427147,34.8057338461364
H,1,460523,100,6000,4,01077010100,01077010100-592,-87.6633221573669,34.8053771784769
H,1,262304,100,4500,4,01077010100,01077010100-593,-87.662972480298,34.8059678101674
H,1,1198624,100,9000,4,01077010100,01077010100-594,-87.6641921156242,34.8049616187093
H,1,1483245,100,2250,4,01077010100,01077010100-595,-87.6628787761063,34.8059720331307
H,1,289074,100,3700,4,01077010100,01077010100-596,-87.662805160614,34.8060165324722
H,1,1223998,100,2650,4,01077010100,01077010100-597,-87.6599525817942,34.8061891913166
H,1,27254,100,560,4,01077010100,01077010100-598,-87.6589025632594,34.8043964125243
H,1,880981,100,10000,4,01077010100,01077010100-599,-87.6589202220692,34.8044911985335
H,1,1235071,100,12000,4,01077010100,01077010100-600,-87.6594645895483,34.8048408873783
H,1,799584,100,17000,4,01077010100,01077010100-601,-87.6597852018319,34.8056694842061
H,1,901365,100,22700,4,01077010100,01077010100-602,-87.670640043623,34.8021805119281
H,1,1310259,100,15500,4,01077010100,01077010100-603,-87.671450989824,34.8032108715013
H,1,848186,100,19400,4,01077010100,01077010100-604,-87.6611828330005,34.8053915568743
H,1,1247641,100,17000,4,01077010100,01077010100-605,-87.660550968241,34.8058240123421
H,1,492109,100,18000,4,01077010100,01077010100-606,-87.661887916123,34.8072429907857
H,1,900537,100,20700,4,01077010100,01077010100-607,-87.6605014247753,34.8065015941037
H,1,198396,100,15000,4,01077010100,01077010100-608,-87.6609208788819,34.8064864538103
H,1,566196,100,15800,4,01077010100,01077010100-609,-87.6616593773657,34.8068279632234
H,1,566196,100,15800,4,01077010100,01077010100-610,-87.6616390693112,34.8067589229158
H,1,268846,100,16000,4,01077010100,01077010100-611,-87.6784234048562,34.8055856816824
H,1,68228,100,33500,4,01077010100,01077010100-612,-87.6778874405057,34.8064977673297
H,1,766158,100,34000,4,01077010100,01077010100-613,-87.6770207730356,34.8063643306906
H,1,565460,100,68000,4,01077010100,01077010100-614,-87.6588404547603,34.805378573035
H,1,130066,100,72000,4,01077010100,01077010100-615,-87.6594841567084,34.8064439240096
H,1,319364,100,93020,4,01077010100,01077010100-616,-87.6579346256841,34.8050404450046
H,1,1481190,100,80000,4,01077010100,01077010100-617,-87.6586791853159,34.8053307951791
H,1,1153343,100,74000,4,01077010100,01077010100-618,-87.6587754052041,34.8059306247431
H,1,892278,100,85820,4,01077010100,01077010100-619,-87.6586347015886,34.8061778221885
H,1,979763,100,99000,4,01077010100,01077010100-620,-87.6629768731436,34.806726310972
H,1,620848,100,83000,4,01077010100,01077010100-621,-87.6777473697506,34.803541119785
H,1,305110,100,51504,4,01077010100,01077010100-622,-87.6771515149914,34.8046804856702
H,1,583500,100,50000,4,01077010100,01077010100-623,-87.6764214995698,34.8061359823213
H,1,666980,100,57000,4,01077010100,01077010100-624,-87.6765640740037,34.8053486872889
H,1,67009,100,72000,4,01077010100,01077010100-625,-87.6774503391342,34.7997454061177
H,1,925075,100,96000,4,01077010100,01077010100-626,-87.6783444772264,34.8021009824079
H,1,476415,100,98100,4,01077010100,01077010100-627,-87.6793064408236,34.8025325617143
H,1,114853,100,60000,4,01077010100,01077010100-628,-87.6800018430961,34.8035913322859
H,1,200196,100,140000,4,01077010100,01077010100-629,-87.680276395066,34.8045736784059
H,1,131086,100,85600,4,01077010100,01077010100-630,-87.6802278672648,34.8043438891508
H,1,1012527,100,0,5,01077010100,01077010100-631,-87.6806272362851,34.8055616331013
H,1,380460,100,1400,5,01077010100,01077010100-632,-87.6811065820635,34.8060877959128
H,1,811090,100,1900,5,01077010100,01077010100-633,-87.6819591639997,34.8071485198741
H,1,380460,100,1400,5,01077010100,01077010100-634,-87.6814326660381,34.8062320907047
H,1,380460,100,1400,5,01077010100,01077010100-635,-87.6735607252325,34.8014773721874
H,1,433750,100,8000,5,01077010100,01077010100-636,-87.6744108384289,34.8031545438693
H,1,752925,100,6500,5,01077010100,01077010100-637,-87.6740631778873,34.80313669772
H,1,412403,100,0,5,01077010100,01077010100-638,-87.6753864510928,34.8047066004035
H,1,193452,100,5020,5,01077010100,01077010100-639,-87.6755690896923,34.8050751941891
H,1,1335203,100,5000,5,01077010100,01077010100-640,-87.6569326903915,34.8051233326427
H,1,1053110,100,14500,5,01077010100,01077010100-641,-87.6567716990821,34.8054313805608
H,1,635937,100,14000,5,01077010100,01077010100-642,-87.6598757077193,34.8083874798063
H,1,1463546,100,14500,5,01077010100,01077010100-643,-87.6598297602491,34.8086685027775
H,1,1012467,100,24000,5,01077010100,01077010100-644,-87.6607290194248,34.8093710741541
H,1,1012467,100,24000,5,01077010100,01077010100-645,-87.659950342886,34.8091359795282
H,1,1313507,100,15300,5,01077010100,01077010100-646,-87.6596337696606,34.8082291992936
H,1,913518,100,21000,5,01077010100,01077010100-647,-87.6601849693157,34.8088126071219
H,1,515519,100,16901,5,01077010100,01077010100-648,-87.6577897334578,34.8061400591476
H,1,59273,100,21600,5,01077010100,01077010100-649,-87.6581231489035,34.800973245481
H,1,228338,100,22900,5,01077010100,01077010100-650,-87.6612656621427,34.7980136792294
H,1,1289312,100,17300,5,01077010100,01077010100-651,-87.6743395650907,34.7979031309869
H,1,674051,100,16000,5,01077010100,01077010100-652,-87.6656735110769,34.7989989716769
H,1,939213,100,25000,5,01077010100,01077010100-653,-87.6696537304664,34.7983601860451
H,1,1131977,100,31600,5,01077010100,01077010100-654,-87.6817799120433,34.8097318198286
H,1,347982,100,41000,5,01077010100,01077010100-655,-87.6561162122086,34.8049098298796
H,1,1117112,100,66000,5,01077010100,01077010100-656,-87.6699500657767,34.8016456375459
H,1,1074696,100,77000,5,01077010100,01077010100-657,-87.6760909579044,34.8021191942443
H,1,1231698,100,87000,5,01077010100,01077010100-658,-87.6678772723826,34.8011762918419
H,1,548891,100,64000,5,01077010100,01077010100-659,-87.6441171916779,34.793256775533
H,1,649044,100,80000,5,01077010100,01077010100-660,-87.6705623247755,34.8025370539381
H,1,199603,100,68000,5,01077010100,01077010100-661,-87.6795546285609,34.8034730192519
H,1,1401764,100,71000,5,01077010100,01077010100-662,-87.680130476342,34.8041239630025
H,1,1060265,100,54000,5,01077010100,01077010100-663,-87.6809770197353,34.809429078937
H,1,233547,100,82900,5,01077010100,01077010100-664,-87.6627024565225,34.8111029435742
H,1,1130469,100,57900,3,01077010100,01077010100-665,-87.6599820701042,34.8072290403679
H,1,233547,100,82900,5,01077010100,01077010100-666,-87.6594590104107,34.8068970248532
H,1,679263,100,54740,5,01077010100,01077010100-667,-87.663510145167,34.8058220414005
H,1,630557,100,100000,5,01077010100,01077010100-668,-87.6605156283892,34.7986680335684
H,1,953836,100,103000,5,01077010100,01077010100-669,-87.6669604296883,34.7922098227781
H,1,850518,100,118300,5,01077010100,01077010100-670,-87.6625275714176,34.8036054387989
H,1,357255,100,108000,5,01077010100,01077010100-671,-87.663900925353,34.7963875150081
